INSERT INTO internship_periods (id, start_date, end_date, registration_start_date, registration_end_date, status, description, created_at, updated_at, deleted_at) VALUES
                                                                                                                                                                       ('2024.1', '2024-01-15', '2024-04-15', '2023-12-01', '2023-12-31', 'END', 'Kỳ thực tập học kỳ 1 năm học 2023-2024', NOW(), NOW(), NULL),
                                                                                                                                                                       ('2024.2', '2024-05-01', '2024-07-31', '2024-04-01', '2024-04-20', 'ACTIVE', 'Kỳ thực tập học kỳ 2 năm học 2023-2024', NOW(), NOW(), NULL),
                                                                                                                                                                       ('2025.1', '2024-09-01', '2024-12-15', '2024-08-01', '2024-08-20', 'UPCOMING', 'Kỳ thực tập học kỳ 1 năm học 2024-2025', NOW(), NOW(), NULL),
                                                                                                                                                                       ('2025.2', '2025-01-15', '2025-04-15', '2024-12-01', '2024-12-31', 'UPCOMING', 'Kỳ thực tập học kỳ 2 năm học 2024-2025', NOW(), NOW(), NULL);

INSERT INTO internship_positions (id, company_id, period_id, title, description, requirements, benefits, available_slots, registered_count, work_type, status, due_date, created_at, updated_at, deleted_at) VALUES
                                                                                                                                                                                                                 (1, 1, '2024.2', 'Java Developer Intern', 'Tham gia phát triển các ứng dụng web sử dụng Java Spring và Vue.js', 'Sinh viên năm cuối ngành CNTT, có kiến thức cơ bản về Java, HTML/CSS, JavaScript', 'Được hướng dẫn bởi các kỹ sư có kinh nghiệm, có cơ hội làm việc chính thức sau khi tốt nghiệp, trợ cấp 5 triệu/tháng', 5, 2, 'FULL_TIME', 'OPEN','2024-04-25', NOW(), NOW(), NULL),
                                                                                                                                                                                                                 (2, 1, '2024.2', 'Frontend Developer Intern', 'Tham gia phát triển giao diện người dùng cho các ứng dụng web và mobile', 'Sinh viên năm cuối ngành CNTT, có kiến thức về HTML/CSS, JavaScript, ReactJS hoặc Vue.js', 'Được hướng dẫn bởi các kỹ sư có kinh nghiệm, có cơ hội làm việc chính thức sau khi tốt nghiệp, trợ cấp 4.5 triệu/tháng', 3, 1, 'FULL_TIME', 'OPEN','2024-04-25', NOW(), NOW(), NULL),
                                                                                                                                                                                                                 (3, 2, '2024.2', 'Software Engineer Intern', 'Tham gia phát triển các sản phẩm phần mềm trong lĩnh vực viễn thông', 'Sinh viên năm cuối ngành CNTT hoặc Điện tử Viễn thông, có kiến thức về lập trình C/C++, Java', 'Được làm việc trong môi trường chuyên nghiệp, có cơ hội trải nghiệm các công nghệ mới, trợ cấp 5 triệu/tháng', 4, 1, 'FULL_TIME', 'OPEN','2024-04-20', NOW(), NOW(), NULL),
                                                                                                                                                                                                                 (4, 3, '2024.2', 'Network Engineer Intern', 'Hỗ trợ đội ngũ kỹ thuật trong việc vận hành và phát triển hệ thống mạng', 'Sinh viên năm cuối ngành CNTT hoặc Điện tử Viễn thông, có kiến thức về mạng máy tính, TCP/IP', 'Được đào tạo về các công nghệ mạng mới nhất, tiếp xúc với hệ thống mạng quy mô lớn, trợ cấp 4 triệu/tháng', 2, 1, 'FULL_TIME', 'OPEN','2024-04-15', NOW(), NOW(), NULL),
                                                                                                                                                                                                                 (5, 4, '2024.2', 'Software Tester Intern', 'Tham gia đội ngũ kiểm thử phần mềm, phát triển và thực hiện các kịch bản kiểm thử', 'Sinh viên năm cuối ngành CNTT, có kiến thức cơ bản về quy trình phát triển phần mềm, có tư duy logic tốt', 'Được đào tạo về kiểm thử phần mềm, làm việc trong môi trường chuyên nghiệp, trợ cấp 4 triệu/tháng', 3, 1, 'FULL_TIME', 'OPEN','2024-04-30', NOW(), NOW(), NULL),
                                                                                                                                                                                                                 (6, 5, '2024.2', 'Data Engineer Intern', 'Tham gia vào việc thu thập, xử lý và phân tích dữ liệu lớn', 'Sinh viên năm cuối ngành CNTT hoặc Toán Tin, có kiến thức về SQL, Python, và các công cụ xử lý dữ liệu', 'Được làm việc với dữ liệu thực tế quy mô lớn, được hướng dẫn bởi các chuyên gia dữ liệu, trợ cấp 5.5 triệu/tháng', 2, 0, 'FULL_TIME', 'OPEN','2024-04-28', NOW(), NOW(), NULL),
                                                                                                                                                                                                                 (7, 6, '2024.2', 'Cloud Engineer Intern', 'Hỗ trợ đội ngũ kỹ thuật trong việc triển khai và quản lý các dịch vụ đám mây', 'Sinh viên năm cuối ngành CNTT, có kiến thức về cloud computing, hiểu biết cơ bản về AWS hoặc Azure', 'Được làm việc với các công nghệ đám mây hiện đại, được đào tạo về các dịch vụ Microsoft, trợ cấp 6 triệu/tháng', 2, 0, 'FULL_TIME', 'OPEN','2024-04-25', NOW(), NOW(), NULL),
                                                                                                                                                                                                                 (8, 7, '2024.2', 'Machine Learning Intern', 'Tham gia vào các dự án ứng dụng machine learning trong các sản phẩm của Google', 'Sinh viên năm cuối ngành CNTT hoặc Toán Tin, có kiến thức về machine learning, Python, và TensorFlow', 'Được làm việc với các kỹ sư hàng đầu, tiếp xúc với dữ liệu thực tế quy mô lớn, trợ cấp 7 triệu/tháng', 1, 0, 'FULL_TIME', 'OPEN','2024-04-20', NOW(), NOW(), NULL),
                                                                                                                                                                                                                 (9, 2, '2024.2', 'Mobile Developer Intern', 'Tham gia phát triển ứng dụng di động cho các sản phẩm của Viettel', 'Sinh viên năm cuối ngành CNTT, có kiến thức về Java, Kotlin hoặc Swift', 'Được đào tạo về phát triển ứng dụng di động, trợ cấp 5.5 triệu/tháng', 3, 1, 'FULL_TIME', 'OPEN','2024-04-22', NOW(), NOW(), NULL),
                                                                                                                                                                                                                 (10, 4, '2024.2', 'DevOps Intern', 'Tham gia vào quy trình CI/CD và quản lý hạ tầng', 'Sinh viên năm cuối ngành CNTT, có kiến thức về Docker, Kubernetes và CI/CD', 'Được làm việc với các công nghệ hiện đại, trợ cấp 6.5 triệu/tháng', 2, 0, 'FULL_TIME', 'OPEN','2024-04-27', NOW(), NOW(), NULL),
                                                                                                                                                                                                                 (11, 5, '2024.2', 'Business Analyst Intern', 'Phân tích yêu cầu nghiệp vụ và làm cầu nối giữa khách hàng và đội phát triển', 'Sinh viên năm cuối ngành CNTT hoặc Quản trị kinh doanh, kỹ năng giao tiếp tốt', 'Được học hỏi về quy trình phân tích nghiệp vụ, trợ cấp 4.8 triệu/tháng', 3, 2, 'FULL_TIME', 'OPEN','2024-04-26', NOW(), NOW(), NULL),
                                                                                                                                                                                                                 (12, 5, '2025.1', 'Backend Developer Intern', 'Phát triển các API và dịch vụ backend cho hệ thống kế toán', 'Sinh viên năm cuối ngành CNTT, kiến thức về .NET hoặc Java', 'Được học hỏi về thiết kế hệ thống, trợ cấp 5 triệu/tháng', 4, 0, 'FULL_TIME', 'OPEN','2024-08-15', NOW(), NOW(), NULL);

-- Insert parent internship applications first (now without position_id)
INSERT INTO internship_applications (id, student_id, period_id, cv_file_path, updated_at, deleted_at, created_at) VALUES
                                                                                                                      (1, 1, '2024.2', '/uploads/cv/20216805/CV_NguyenTienDung_2024_v2.pdf', NOW(), NULL, DATE_SUB(NOW(), INTERVAL 15 DAY)),
                                                                                                                      (2, 2, '2024.2', '/uploads/cv/20216123/CV_Dungntelcom_2024.pdf', NOW(), NULL, DATE_SUB(NOW(), INTERVAL 13 DAY)),
                                                                                                                      (3, 3, '2024.2', '/uploads/cv/20216456/CV_NguyenThiTrang_2024.pdf', NOW(), NULL, DATE_SUB(NOW(), INTERVAL 12 DAY)),
                                                                                                                      (4, 4, '2024.2', '/uploads/cv/20216789/CV_VuQuangMinh_2024.pdf', NOW(), NULL, DATE_SUB(NOW(), INTERVAL 10 DAY)),
                                                                                                                      (5, 5, '2024.2', '/uploads/cv/20216012/CV_NguyenHoangSon_2024.pdf', NOW(), NULL, DATE_SUB(NOW(), INTERVAL 8 DAY)),
                                                                                                                      (6, 9, '2024.2', '/uploads/cv/20216234/CV_TranVanLong_2024.pdf', NOW(), NULL, DATE_SUB(NOW(), INTERVAL 14 DAY)),
                                                                                                                      (7, 10, '2024.2', '/uploads/cv/20216345/CV_LeThiHuong_2024.pdf', NOW(), NULL, DATE_SUB(NOW(), INTERVAL 12 DAY)),
                                                                                                                      (8, 11, '2024.2', '/uploads/cv/20216890/CV_PhamMinhTuan_2024.pdf', NOW(), NULL, DATE_SUB(NOW(), INTERVAL 11 DAY)),
                                                                                                                      (9, 12, '2024.2', '/uploads/cv/20216111/CV_VoThiHa_2024.pdf', NOW(), NULL, DATE_SUB(NOW(), INTERVAL 13 DAY));

-- Insert child internship application details
INSERT INTO internship_application_details (id, application_id, position_id, preference_order, status, note, updated_at, deleted_at, created_at) VALUES
                                                                                                                                                     (1, 1, 1, 1, 'APPROVED', 'Em rất mong muốn được thực tập tại FPT Software để phát triển kỹ năng lập trình Java', NOW(), NULL, DATE_SUB(NOW(), INTERVAL 15 DAY)),
                                                                                                                                                     (2, 1, 2, 2, 'CANCELLED', 'Em cũng quan tâm đến vị trí Frontend Developer', NOW(), NULL, DATE_SUB(NOW(), INTERVAL 15 DAY)),
                                                                                                                                                     (3, 2, 3, 1, 'APPROVED', 'Em mong muốn được thực tập tại Viettel để học hỏi thêm về phát triển phần mềm trong môi trường doanh nghiệp lớn', NOW(), NULL, DATE_SUB(NOW(), INTERVAL 13 DAY)),
                                                                                                                                                     (4, 3, 4, 1, 'APPROVED', 'Em quan tâm đến lĩnh vực mạng và muốn được thực tập tại VNPT', NOW(), NULL, DATE_SUB(NOW(), INTERVAL 12 DAY)),
                                                                                                                                                     (5, 4, 5, 1, 'PENDING', 'Em mong muốn được thực tập tại MISA để học hỏi về quy trình kiểm thử chuyên nghiệp', NOW(), NULL, DATE_SUB(NOW(), INTERVAL 10 DAY)),
                                                                                                                                                     (6, 5, 1, 1, 'PENDING', 'Em có kinh nghiệm với Java và Spring Boot qua các dự án ở trường đại học', NOW(), NULL, DATE_SUB(NOW(), INTERVAL 8 DAY)),
                                                                                                                                                     (7, 6, 9, 1, 'APPROVED', 'Em có kinh nghiệm phát triển app Android với Kotlin', NOW(), NULL, DATE_SUB(NOW(), INTERVAL 14 DAY)),
                                                                                                                                                     (8, 7, 11, 1, 'APPROVED', 'Em mong muốn phát triển kỹ năng phân tích yêu cầu dự án', NOW(), NULL, DATE_SUB(NOW(), INTERVAL 12 DAY)),
                                                                                                                                                     (9, 8, 11, 1, 'PENDING', 'Em đã từng tham gia dự án với vai trò BA ở CLB IT HUST', NOW(), NULL, DATE_SUB(NOW(), INTERVAL 11 DAY)),
                                                                                                                                                     (10, 9, 1, 2, 'REJECTED', 'Em mong muốn được học hỏi về Java Spring Boot', NOW(), NULL, DATE_SUB(NOW(), INTERVAL 13 DAY)),
                                                                                                                                                     (11, 9, 2, 1, 'APPROVED', 'Em có kinh nghiệm với Vue.js qua các dự án cá nhân', NOW(), NULL, DATE_SUB(NOW(), INTERVAL 13 DAY));

INSERT INTO external_internships (id, student_id, period_id, confirmation_file_path, status, created_at, updated_at) VALUES
                                                                                                                         (1, 6, '2024.2', '/uploads/confirmations/20216345/confirmation_letter.pdf', 'APPROVED', DATE_SUB(NOW(), INTERVAL 10 DAY), NOW()),
                                                                                                                         (2, 7, '2024.2', '/uploads/confirmations/20216678/confirmation_letter.pdf', 'PENDING', DATE_SUB(NOW(), INTERVAL 5 DAY), NOW()),
                                                                                                                         (3, 8, '2024.2', '/uploads/confirmations/20216901/confirmation_letter.pdf', 'PENDING', DATE_SUB(NOW(), INTERVAL 3 DAY), NOW()),
                                                                                                                         (4, 13, '2024.2', '/uploads/confirmations/20216999/confirmation_letter.pdf', 'APPROVED', DATE_SUB(NOW(), INTERVAL 8 DAY), NOW()),
                                                                                                                         (5, 14, '2024.2', '/uploads/confirmations/20217001/confirmation_letter.pdf', 'REJECTED', DATE_SUB(NOW(), INTERVAL 7 DAY), NOW()),
                                                                                                                         (6, 15, '2024.2', '/uploads/confirmations/20217123/confirmation_letter.pdf', 'APPROVED', DATE_SUB(NOW(), INTERVAL 9 DAY), NOW());

INSERT INTO internship_progress (id, student_id, position_id, period_id, teacher_id, start_date, end_date, is_external, external_id, status, supervisor_name, supervisor_position, supervisor_email, supervisor_phone, teacher_confirmed, teacher_confirmed_at, created_at, updated_at, deleted_at) VALUES
                                                                                                                                                                                                                                                                                                        (1, 1, 1, '2024.2', 1, '2024-05-01', '2024-07-31', false, NULL, 'IN_PROGRESS', 'Nguyễn Văn Hải', 'Senior Java Developer', 'hai.nv@fpt.com.vn', '0987654321', true, DATE_SUB(NOW(), INTERVAL 5 DAY), DATE_SUB(NOW(), INTERVAL 12 DAY), NOW(), NULL),
                                                                                                                                                                                                                                                                                                        (2, 2, 3, '2024.2', 2, '2024-05-01', '2024-07-31', false, NULL, 'IN_PROGRESS', 'Trần Minh Tuấn', 'Project Manager', 'tuan.tm@viettel.com.vn', '0987654322', true, DATE_SUB(NOW(), INTERVAL 5 DAY), DATE_SUB(NOW(), INTERVAL 10 DAY), NOW(), NULL),
                                                                                                                                                                                                                                                                                                        (3, 3, 4, '2024.2', 3, '2024-05-01', '2024-07-31', false, NULL, 'IN_PROGRESS', 'Lê Văn Bình', 'Network Manager', 'binh.lv@vnpt.com.vn', '0987654323', true, DATE_SUB(NOW(), INTERVAL 4 DAY), DATE_SUB(NOW(), INTERVAL 9 DAY), NOW(), NULL),
                                                                                                                                                                                                                                                                                                        (4, 6, NULL, '2024.2', 4, '2024-05-01', '2024-07-31', true, 1, 'IN_PROGRESS', 'Đỗ Thị Hương', 'HR Director', 'huong.dt@nab.com.vn', '0987654324', true, DATE_SUB(NOW(), INTERVAL 3 DAY), DATE_SUB(NOW(), INTERVAL 8 DAY), NOW(), NULL),
                                                                                                                                                                                                                                                                                                        (5, 9, 9, '2024.2', 5, '2024-05-01', '2024-07-31', false, NULL, 'IN_PROGRESS', 'Phạm Văn Nam', 'Mobile Lead Developer', 'nam.pv@viettel.com.vn', '0987654325', true, DATE_SUB(NOW(), INTERVAL 4 DAY), DATE_SUB(NOW(), INTERVAL 7 DAY), NOW(), NULL),
                                                                                                                                                                                                                                                                                                        (6, 10, 11, '2024.2', 6, '2024-05-01', '2024-07-31', false, NULL, 'IN_PROGRESS', 'Nguyễn Thị Lan', 'Product Owner', 'lan.nt@techcombank.com.vn', '0987654326', true, DATE_SUB(NOW(), INTERVAL 3 DAY), DATE_SUB(NOW(), INTERVAL 6 DAY), NOW(), NULL),
                                                                                                                                                                                                                                                                                                        (7, 13, NULL, '2024.2', 4, '2024-05-01', '2024-07-31', true, 4, 'IN_PROGRESS', 'Trần Văn Đức', 'CTO', 'duc.tv@tinhvan.com', '0987654327', true, DATE_SUB(NOW(), INTERVAL 2 DAY), DATE_SUB(NOW(), INTERVAL 5 DAY), NOW(), NULL),
                                                                                                                                                                                                                                                                                                        (8, 15, NULL, '2024.2', 7, '2024-05-01', '2024-07-31', true, 6, 'IN_PROGRESS', 'Lê Minh Thành', 'Software Architect', 'thanh.lm@fsoft.com.vn', '0987654328', false, NULL, DATE_SUB(NOW(), INTERVAL 4 DAY), NOW(), NULL),
                                                                                                                                                                                                                                                                                                        (9, 12, 2, '2024.2', 8, '2024-05-01', '2024-07-31', false, NULL, 'IN_PROGRESS', 'Phan Thị Hoa', 'Frontend Team Lead', 'hoa.pt@fpt.com.vn', '0987654329', true, DATE_SUB(NOW(), INTERVAL 2 DAY), DATE_SUB(NOW(), INTERVAL 5 DAY), NOW(), NULL);